,precision,recall,f1-score,support
No structures visible,0.4856115107913669,0.9712230215827338,0.6474820143884893,139.0
Head Visible,0.7759197324414716,0.9527720739219713,0.8552995391705069,487.0
Abdomen Visible,0.644542772861357,0.9754464285714286,0.7761989342806396,448.0
Femur Visible,0.5823293172690763,0.9395248380129589,0.7190082644628099,463.0
Placenta visible,0.4610983981693364,0.8995535714285714,0.6096822995461422,448.0
micro avg,0.590236220472441,0.944080604534005,0.7263565891472868,1985.0
macro avg,0.5899003463065217,0.9477039867035328,0.7215342103697175,1985.0
weighted avg,0.6097323064062115,0.944080604534005,0.7356707782250459,1985.0
samples avg,0.6975807940904895,0.8685133887349953,0.7456720749241524,1985.0
