,precision,recall,f1-score,support
No structures visible,0.35883905013192613,0.9784172661870504,0.525096525096525,139.0
Head Visible,0.7129629629629629,0.9486652977412731,0.8140969162995594,487.0
Abdomen Visible,0.6340361445783133,0.9397321428571429,0.7571942446043165,448.0
Femur Visible,0.5407407407407407,0.9460043196544277,0.6881382560879811,463.0
Placenta visible,0.5049645390070922,0.7946428571428571,0.6175195143104943,448.0
micro avg,0.5655021834061136,0.9133501259445844,0.6985166634559815,1985.0
macro avg,0.550308687484207,0.9214923767165502,0.6804090912797752,1985.0
weighted avg,0.5832377129171412,0.9133501259445844,0.707271230120339,1985.0
samples avg,0.6834903047091412,0.847460757156048,0.723769951193774,1985.0
