,precision,recall,f1-score,support
No structures visible,0.5372549019607843,0.9856115107913669,0.6954314720812182,139.0
Head Visible,0.8327338129496403,0.9507186858316222,0.887823585810163,487.0
Abdomen Visible,0.7513812154696132,0.9107142857142857,0.8234106962663976,448.0
Femur Visible,0.7574626865671642,0.8768898488120951,0.8128128128128128,463.0
Placenta visible,0.6743869209809265,0.6591211717709721,0.6666666666666667,751.0
micro avg,0.727515243902439,0.8343531468531469,0.7772801302931597,2288.0
macro avg,0.7106439075856257,0.8766111005840684,0.7772290467274517,2288.0
weighted avg,0.7316470211305435,0.8343531468531469,0.77575264503286,2288.0
samples avg,0.780932594644506,0.7867959372114497,0.7591874422899353,2288.0
