,precision,recall,f1-score,support
No structures visible,0.38857142857142857,0.9784172661870504,0.556237218813906,139.0
Head Visible,0.6656891495601173,0.9322381930184805,0.776732249786142,487.0
Abdomen Visible,0.5346534653465347,0.9642857142857143,0.6878980891719746,448.0
Femur Visible,0.5329268292682927,0.9438444924406048,0.6812159002338268,463.0
Placenta visible,0.47404371584699456,0.7745535714285714,0.588135593220339,448.0
micro avg,0.5324292452830188,0.909823677581864,0.6717500464943277,1985.0
macro avg,0.5191769177186736,0.9186678474720843,0.6580438102452376,1985.0
weighted avg,0.5424904299914994,0.909823677581864,0.6763988063380364,1985.0
samples avg,0.6566943674976917,0.8433056325023083,0.7016092863738294,1985.0
