,precision,recall,f1-score,support
No structures visible,1.0,0.4316546762589928,0.6030150753768844,139.0
Head Visible,0.9615384615384616,0.8213552361396304,0.8859357696567,487.0
Abdomen Visible,0.9388379204892966,0.6852678571428571,0.7922580645161289,448.0
Femur Visible,0.8199566160520607,0.816414686825054,0.8181818181818182,463.0
Placenta visible,0.7617554858934169,0.5424107142857143,0.6336375488917863,448.0
micro avg,0.8768161718256475,0.6992443324937028,0.7780269058295964,1985.0
macro avg,0.8964176967946471,0.6594206341304497,0.7466056553246636,1985.0
weighted avg,0.8809949572094663,0.6992443324937028,0.7722363888791575,1985.0
samples avg,0.7016620498614958,0.6573407202216066,0.6698984302862419,1985.0
