,precision,recall,f1-score,support
No structures visible,0.7976190476190477,0.9370629370629371,0.8617363344051447,143.0
Head Visible,0.9303482587064676,0.9444444444444444,0.93734335839599,198.0
Abdomen Visible,0.7851239669421488,0.8636363636363636,0.8225108225108226,110.0
Amniotic fluid visible,0.811965811965812,0.9875259875259875,0.8911819887429643,481.0
Placenta visible,0.6346863468634686,0.864321608040201,0.7319148936170212,199.0
micro avg,0.7897473997028231,0.9398762157382847,0.8582963262010497,1131.0
macro avg,0.7919486864193888,0.9193982681419867,0.8489374795343887,1131.0
weighted avg,0.7970736109446743,0.9398762157382847,0.8608382596584309,1131.0
samples avg,0.8127380952380954,0.9039285714285714,0.8350408163265305,1131.0
