,precision,recall,f1-score,support
No structures visible,0.7377049180327869,0.9712230215827338,0.8385093167701864,139.0
Head Visible,0.879245283018868,0.9568788501026694,0.9164208456243855,487.0
Abdomen Visible,0.7252931323283082,0.9665178571428571,0.8287081339712918,448.0
Femur Visible,0.6621417797888386,0.9481641468682506,0.7797513321492007,463.0
Placenta visible,0.44733861834654587,0.8816964285714286,0.5935386927122465,448.0
micro avg,0.65406162464986,0.9410579345088161,0.7717413757488122,1985.0
macro avg,0.6903447463030694,0.9448960608535879,0.7913856642454622,1985.0
weighted avg,0.68647058175381,0.9410579345088161,0.7864187365186079,1985.0
samples avg,0.7417543859649124,0.8677746999076639,0.7770267774699907,1985.0
