,precision,recall,f1-score,support
No structures visible,0.768361581920904,0.951048951048951,0.85,143.0
Head Visible,0.9178743961352657,0.9595959595959596,0.9382716049382717,198.0
Abdomen Visible,0.7804878048780488,0.8727272727272727,0.8240343347639485,110.0
Amniotic fluid visible,0.805414551607445,0.9896049896049897,0.8880597014925373,481.0
Placenta visible,0.5938566552901023,0.8743718592964824,0.7073170731707317,199.0
micro avg,0.7706685837526959,0.9478337754199824,0.8501189532117367,1131.0
macro avg,0.7731989979663532,0.9294698064547312,0.8415365428730978,1131.0
weighted avg,0.7807695569513426,0.9478337754199824,0.8540091676221911,1131.0
samples avg,0.7973809523809523,0.9117857142857143,0.8280408163265306,1131.0
