,precision,recall,f1-score,support
No structures visible,0.903448275862069,0.916083916083916,0.9097222222222222,143.0
Head Visible,0.9455445544554455,0.9646464646464646,0.9550000000000001,198.0
Abdomen Visible,0.7777777777777778,0.8909090909090909,0.8305084745762712,110.0
Amniotic fluid visible,0.8571428571428571,0.9480249480249481,0.9002961500493583,481.0
Placenta visible,0.6438848920863309,0.8994974874371859,0.750524109014675,199.0
micro avg,0.8222915042868277,0.9328028293545535,0.8740679370339685,1131.0
macro avg,0.8255596714648961,0.9238323814203213,0.8692101911725054,1131.0
weighted avg,0.8332319085737434,0.9328028293545535,0.8779248062323866,1131.0
samples avg,0.8414285714285714,0.9001190476190477,0.8501360544217686,1131.0
