,precision,recall,f1-score,support
No structures visible,0.8717948717948718,0.9784172661870504,0.9220338983050846,139.0
Head Visible,0.9057692307692308,0.9671457905544147,0.9354518371400199,487.0
Abdomen Visible,0.7846441947565543,0.9352678571428571,0.8533604887983707,448.0
Femur Visible,0.7096247960848288,0.9395248380129589,0.8085501858736059,463.0
Placenta visible,0.7636986301369864,0.8908122503328895,0.8223724646588814,751.0
micro avg,0.7891811782141533,0.9309440559440559,0.8542209745337879,2288.0
macro avg,0.8071063447084945,0.9422336004460341,0.8683537749551926,2288.0
weighted avg,0.7936641842811151,0.9309440559440559,0.8557664827585516,2288.0
samples avg,0.8216989843028624,0.8595567867036011,0.8253554939981532,2288.0
