,precision,recall,f1-score,support
No structures visible,0.07700831024930747,1.0,0.14300411522633744,139.0
Head Visible,0.2698060941828255,1.0,0.424956369982548,487.0
Abdomen Visible,0.2481994459833795,1.0,0.39769196626719927,448.0
Femur Visible,0.2565096952908587,1.0,0.4082892416225749,463.0
Placenta visible,0.41606648199445984,1.0,0.5876369327073553,751.0
micro avg,0.2535180055401662,1.0,0.4044904092636789,2288.0
macro avg,0.25351800554016624,1.0,0.39231572516120294,2288.0
weighted avg,0.29917962923503083,1.0,0.4525133655682444,2288.0
samples avg,0.25351800554016624,0.910803324099723,0.3883194829178209,2288.0
