,precision,recall,f1-score,support
No structures visible,0.7205882352941176,0.9545454545454546,0.8212290502793296,154.0
Head Visible,0.8362831858407079,0.9219512195121952,0.877030162412993,205.0
Abdomen Visible,0.7083333333333334,0.8571428571428571,0.7756653992395437,119.0
Amniotic fluid visible,0.7931034482758621,0.9808102345415778,0.877025738798856,469.0
Placenta visible,0.7,0.8878048780487805,0.7827956989247311,205.0
micro avg,0.7637906647807637,0.9375,0.8417770849571317,1152.0
macro avg,0.7516616405488042,0.920450928758173,0.8267492099310907,1152.0
weighted avg,0.7657689455214283,0.9375,0.8423288448988016,1152.0
samples avg,0.7854761904761903,0.9089285714285714,0.820360544217687,1152.0
