,precision,recall,f1-score,support
No structures visible,0.7784090909090909,0.9856115107913669,0.8698412698412699,139.0
Head Visible,0.9110251450676983,0.9671457905544147,0.9382470119521913,487.0
Abdomen Visible,0.8360323886639676,0.921875,0.8768577494692144,448.0
Femur Visible,0.6765163297045101,0.9395248380129589,0.786618444846293,463.0
Placenta visible,0.4229471316085489,0.8392857142857143,0.56245325355273,448.0
micro avg,0.673777123942626,0.9229219143576827,0.7789115646258503,1985.0
macro avg,0.7249860171907632,0.930688570728891,0.8068035459323397,1985.0
weighted avg,0.719958687667309,0.9229219143576827,0.7994206048596063,1985.0
samples avg,0.7172668513388736,0.8522622345337026,0.7559187442289934,1985.0
